Model,MAE,RMSE,MAPE (%)
"ARIMA(0, 1, 0)",294498.4318,355988.0030813203,30.033105453535182
Prophet,186412.38927705935,214348.06583718272,22.08149366361519
