Model,Accuracy,Precision,Recall,F1_Score,ROC_AUC
Logistic Regression,0.8282312925170068,0.8311036789297659,0.8311036789297659,0.8311036789297659,0.8734333591788084
Random Forest,0.9200680272108843,0.8949843260188087,0.9548494983277592,0.9239482200647249,0.956744511694113
XGBoost,0.923469387755102,0.8931888544891641,0.9648829431438127,0.927652733118971,0.9669399729201144
